Workbook

Sheet Raw Data
A1: trials.tilt | B1: trials.key_resp.keys | C1: trials.key_resp.corr
A2: 0 | B2: down | C2: 0
A3: 0 | B3: up | C3: 1
A4: 0 | B4: up | C4: 1
A5: 0 | B5: up | C5: 1
A6: 0 | B6: down | C6: 0
A7: -3 | B7: down | C7: 1
A8: -4 | B8: up | C8: 0
A9: -5 | B9: down | C9: 1
A10: 0 | B10: up | C10: 1
A11: -4 | B11: up | C11: 0
A12: 0 | B12: up | C12: 1
A13: 0 | B13: up | C13: 1
... A101: 0 | B101: down | C101: 0

Sheet Analysis
B1: key_resp.keys | C1: key_resp.corr | D1: tilt | F1: Hit | G1: Miss | H1: FA | I1: CR
B2: ='Raw Data'!B2 | C2: ='Raw Data'!C2 | D2: ='Raw Data'!A2 | F2: =IF(AND(D2=0,B2="up"),1,0) | G2: =IF(AND(D2=0,B2="down"),1,0) | H2: =IF(AND(D2<>0,B2="up"),1,0) | I2: =IF(AND(D2<>0,B2="down"),1,0)
B3: ='Raw Data'!B3 | C3: ='Raw Data'!C3 | D3: ='Raw Data'!A3 | F3: =IF(AND(D3=0,B3="up"),1,0) | G3: =IF(AND(D3=0,B3="down"),1,0) | H3: =IF(AND(D3<>0,B3="up"),1,0) | I3: =IF(AND(D3<>0,B3="down"),1,0)
B4: ='Raw Data'!B4 | C4: ='Raw Data'!C4 | D4: ='Raw Data'!A4 | F4: =IF(AND(D4=0,B4="up"),1,0) | G4: =IF(AND(D4=0,B4="down"),1,0) | H4: =IF(AND(D4<>0,B4="up"),1,0) | I4: =IF(AND(D4<>0,B4="down"),1,0)
B5: ='Raw Data'!B5 | C5: ='Raw Data'!C5 | D5: ='Raw Data'!A5 | F5: =IF(AND(D5=0,B5="up"),1,0) | G5: =IF(AND(D5=0,B5="down"),1,0) | H5: =IF(AND(D5<>0,B5="up"),1,0) | I5: =IF(AND(D5<>0,B5="down"),1,0)
B6: ='Raw Data'!B6 | C6: ='Raw Data'!C6 | D6: ='Raw Data'!A6 | F6: =IF(AND(D6=0,B6="up"),1,0) | G6: =IF(AND(D6=0,B6="down"),1,0) | H6: =IF(AND(D6<>0,B6="up"),1,0) | I6: =IF(AND(D6<>0,B6="down"),1,0)
B7: ='Raw Data'!B7 | C7: ='Raw Data'!C7 | D7: ='Raw Data'!A7 | F7: =IF(AND(D7=0,B7="up"),1,0) | G7: =IF(AND(D7=0,B7="down"),1,0) | H7: =IF(AND(D7<>0,B7="up"),1,0) | I7: =IF(AND(D7<>0,B7="down"),1,0)
B8: ='Raw Data'!B8 | C8: ='Raw Data'!C8 | D8: ='Raw Data'!A8 | F8: =IF(AND(D8=0,B8="up"),1,0) | G8: =IF(AND(D8=0,B8="down"),1,0) | H8: =IF(AND(D8<>0,B8="up"),1,0) | I8: =IF(AND(D8<>0,B8="down"),1,0)
B9: ='Raw Data'!B9 | C9: ='Raw Data'!C9 | D9: ='Raw Data'!A9 | F9: =IF(AND(D9=0,B9="up"),1,0) | G9: =IF(AND(D9=0,B9="down"),1,0) | H9: =IF(AND(D9<>0,B9="up"),1,0) | I9: =IF(AND(D9<>0,B9="down"),1,0)
B10: ='Raw Data'!B10 | C10: ='Raw Data'!C10 | D10: ='Raw Data'!A10 | F10: =IF(AND(D10=0,B10="up"),1,0) | G10: =IF(AND(D10=0,B10="down"),1,0) | H10: =IF(AND(D10<>0,B10="up"),1,0) | I10: =IF(AND(D10<>0,B10="down"),1,0)
B11: ='Raw Data'!B11 | C11: ='Raw Data'!C11 | D11: ='Raw Data'!A11 | F11: =IF(AND(D11=0,B11="up"),1,0) | G11: =IF(AND(D11=0,B11="down"),1,0) | H11: =IF(AND(D11<>0,B11="up"),1,0) | I11: =IF(AND(D11<>0,B11="down"),1,0)
B12: ='Raw Data'!B12 | C12: ='Raw Data'!C12 | D12: ='Raw Data'!A12 | F12: =IF(AND(D12=0,B12="up"),1,0) | G12: =IF(AND(D12=0,B12="down"),1,0) | H12: =IF(AND(D12<>0,B12="up"),1,0) | I12: =IF(AND(D12<>0,B12="down"),1,0)
B13: ='Raw Data'!B13 | C13: ='Raw Data'!C13 | D13: ='Raw Data'!A13 | F13: =IF(AND(D13=0,B13="up"),1,0) | G13: =IF(AND(D13=0,B13="down"),1,0) | H13: =IF(AND(D13<>0,B13="up"),1,0) | I13: =IF(AND(D13<>0,B13="down"),1,0)
... B101: ='Raw Data'!B101 | C101: ='Raw Data'!C101 | D101: ='Raw Data'!A101 | F101: =IF(AND(D101=0,B101="up"),1,0) | G101: =IF(AND(D101=0,B101="down"),1,0) | H101: =IF(AND(D101<>0,B101="up"),1,0) | I101: =IF(AND(D101<>0,B101="down"),1,0)
F102: =SUM(F2:F101) | G102: =SUM(G2:G101) | H102: =SUM(H2:H101) | I102: =SUM(I2:I101) | J102: sum
B104: Convention: Signal Present = tilt = 0 (vertical/no tilt); Signal Absent = tilt ≠ 0 (line actually tilted). 'up' = Respond YES, 'down' = Respond NO (matches how key_resp.corr was scored in the raw data).
M107: Respond Yes | N107: Respond No | Q107: Respond Yes | R107: Respond No
L108: Signal Present | M108: Hit | N108: Miss | P108: Signal Present | Q108: =F102 | R108: =G102
L109: Signal Absent | M109: False Alarm | N109: Correct Rejection (CR) | P109: Signal Absent | Q109: =H102 | R109: =I102
N111: Proportion Hit= Hit/Hit+Miss | O111: =Q108/(Q108+R108)
N112: Proportion FA= FA/FA+CR | O112: =Q109/(Q109+R109)
N113: d-prime= Z(prop hit)-Z(prop FA) | O113: =NORMSINV(O111)-NORMSINV(O112)
N114: c= -Z(prop hit)+Z(prop FA)/2 | O114: =-((NORMSINV(O111)+NORMSINV(O112))/2)
P115: If there is a minus sign in the formula, the interpretation is that a negative value of c indicates a bias to respond YES (liberal bias) and if the minus sign is omitted then the negative value of c indicates a bias to respond NO (conservative bias).
F118: Hit | G118: Miss | H118: False Alarm | I118: Correct Rejection
E119: No. of Trials | F119: =F102 | G119: =G102 | H119: =H102 | I119: =I102

Sheet Charts
A1: Measure | B1: Value | D1: x | E1: Noise density | F1: Signal density
A2: Hit Rate | B2: 0.46 | D2: -4 | E2: 0.00013383023 | F2: 0.00091290136
A3: False Alarm Rate | B3: 0.66 | D3: -3.9 | E3: 0.00019865547 | F3: 0.0012873462
A4: Chance Level | B4: 0.5 | D4: -3.8 | E4: 0.00029194693 | F4: 0.0017973137
D5: -3.7 | E5: 0.00042478027 | F5: 0.0024843312
D6: -3.6 | E6: 0.00061190193 | F6: 0.0033997905
D7: -3.5 | E7: 0.0008726827 | F7: 0.0046062963
D8: -3.4 | E8: 0.0012322192 | F8: 0.0061788641
D9: -3.3 | E9: 0.0017225689 | F9: 0.008205829
D10: -3.2 | E10: 0.0023840882 | F10: 0.010789302
D11: -3.1 | E11: 0.0032668191 | F11: 0.014044985
D12: -3 | E12: 0.0044318484 | F12: 0.018101154
D13: -2.9 | E13: 0.0059525324 | F13: 0.023096614
D14: -2.8 | E14: 0.0079154516 | F14: 0.029177455
D15: -2.7 | E15: 0.010420935 | F15: 0.036492496
D16: -2.6 | E16: 0.013582969 | F16: 0.04518734
... D82: 4 | E82: 0.00013383023 | F82: 1.5081262e-05
